,,romaji,english,category,hiragana,katakana,kanji,source
1,,hayai,early,adjective,はやい,,,intensive1.6
2,,yasashii,kind/easy,adjective,やさしい,,,intensive1.6
3,,kibishii,strict,adjective,きびしい,,,intensive1.6
4,,tanoshii,enjoyable,adjective,たにしい,,,intensive1.6
5,,abunai,dangerous,adjective,あぶない,,,intensive1.6
6,,urusai,noisy,adjective,うるさい,,,intensive1.6
7,,iroiro,various,adjective,いろいろ,,,intensive1.6
8,,rippona,splendid,adjective,りっぽな,,,intensive1.6
9,,yuumei(na),famous,adjective,ゆうめいな,,,intensive1.6
10,,nagai,long,adjective,ながい,,,intensive1.6
11,,mijikai,short,adjective,みじかい,,,intensive1.6
12,,chikai,near,adjective,ちかい,,,intensive1.6
13,,tooi,far,adjective,とおい,,,intensive1.6
14,,tsuyoi,strong,adjective,つよい,,,intensive1.6
15,,yooi,weak,adjective,よおい,,,intensive1.6
16,,kantan(na),easy,adjective,かんたん（な）,,,intensive1.6
17,,muzukashii,difficult,adjective,むずかしい,,,intensive1.6
18,,ookii,big,adjective,おおきい,,大,intensive1.6
19,,chisa,small,adjective,ちさ,,,intensive1.6
20,,omoi,heavy,adjective,おもい,,,intensive1.6
21,,karui,light,adjective,かるい,,,intensive1.6
22,,omoshiroi,interesting,adjective,おもしろい,,,intensive1.6
23,,tsumaranai,boring,adjective,つまらない,,,intensive1.6
24,,hiroi,wide,adjective,ひろい,,,intensive1.6
25,,semai,narrow,adjective,せまい,,,intensive1.6
26,,kirei(na),clean,adjective,きれい（な）,,,intensive1.6
27,,kitanai,dirty,adjective,きたない,,,intensive1.6
28,,atarashii,new,adjective,あたらしい,,新,intensive1.6
29,,furoi,old (things),adjective,ふろい,,,intensive1.6
30,,akarui.,bright,adjective,あかるい,,,intensive1.6
31,,kurai,dark,adjective,くらい,,,intensive1.6
32,,shizuka(na),silent,adjective,しずか（な）,,,intensive1.6
33,,nigiyaka(na),lively,adjective,にぎやか,,,intensive1.6
34,,takai,expensive,adjective,たかい,,高,intensive1.6
35,,yasui,cheap,adjective,やすい,,,intensive1.6
36,,takai,high,adjective,たかい,,高,intensive1.6
37,,hikui,low,adjective, ひくい,,低,intensive1.6
38,,hima(na),free,adjective,ひま（な）,,,intensive1.6
39,,benri(na),convenient,adjective,べんり（な）,,,intensive1.6
40,,fuben(na),inconvenient,adjective,ふべん（な）,,,intensive1.6
41,,ii.yoi,good,adjective,いい・よい,,,intensive1.6
42,,warui,bad,adjective,わるい,,,intensive1.6
43,,atsui,hot (things),adjective,あつい,,,intensive1.6
44,,tsumetai,cold (things),adjective,つめたい,,,intensive1.6
45,,atsui,hot (weather),adjective,あつい,,,intensive1.6
46,,samui,cold (weather),adjective,さむい,,,intensive1.6
47,,atsui,thick,adjective,あつい,,,intensive1.6
48,,usui,thin,adjective,うすい,,,intensive1.6
49,,hayai,early,adjective,はやい,,,intensive1.7
50,,majimena,serious,adjective,まじめな,,,intensive1.7
51,,nemui,sleepy,adjective,なむい,,,intensive1.7
52,,osoi,late,adjective,おそい,,,intensive1.7
53,,genki(na),fine/vigorous,adjective,げんき（な）,,,intensive1.7
54,,daijoubu,"fine, okay",adjective,だいじょうぶ,,,intensive1.10
55,,(o)genki,(Hon) fine,adjective,（お）げんき,,,intensive1.10
56,,urayamashii,envious,adjective,うらやましい,,,intensive1.10
57,,futoi,fat,adjective,ふとい,,,intensive1.16
58,,fukuzatsu,complicated,adjective,ふくざつ,,,intensive1.17
59,,iyana,dislike,adjective,いやな,,,intensive1.19
60,,suppai,sour,adjective,すっぱい,,,intensive1.19
61,,wakai,young,adjective,わかい,,若,intensive1.19
62,,totemo,very,adverb,とても,,,intensive1.6
63,,chotto,little,adverb,ちょっと,,,intensive1.6
64,,taihen,very,adverb,たいへん,,,intensive1.6
65,,amari,not very,adverb,あまり,,,intensive1.6
66,,tokidoki,sometimes,adverb,ときどき,,,intensive1.7
67,,zenzen,never,adverb,ぜんぜん,,,intensive1.7
68,,itsumo,always,adverb,いつも,,,intensive1.7
69,,mada,not yet,adverb,まだ,,,intensive1.9
70,,mou,already,adverb,もう,,,intensive1.9
71,,nanika,something,adverb,なにか,,,intensive1.11
72,,motto,more,adverb,もっと,,,intensive1.11
73,,yoku,often,adverb,よく,,,intensive1.11
74,,dareka,anyone,adverb,だれか,,,intensive1.12
75,,nanika,anything,adverb,なにな,,,intensive1.12
76,,hakkou,splendid,adverb,はっこう,,,intensive1.12
77,,daremo,no one,adverb,だれも,,,intensive1.12
78,,nanimo,nothing,adverb,なにも,,,intensive1.12
79,,dokokae,somewhere,adverb,どこかえ,,,intensive1.13
80,,dokoemo,nowhere,adverb,どこえも,,,intensive1.13
81,,demo,but/ however,adverb,でも,,,intensive1.14
82,,shikashi,but/ however,adverb,しかし,,,intensive1.14
83,,"keredo, kedo",but/ however,adverb,けれど・けど,,,intensive1.14
84,,tsumori?,plan to do,adverb,つもり,,,intensive1.14
85,,dake,only,adverb,だけ,,,intensive1.15
86,,shika,only,adverb,しか,,,intensive1.15
87,,saikin,recently,adverb,さいきん,,,intensive1.15
88,,hanpun,half,adverb,はんぶん,,,intensive1.15
89,,soredewa,well then,adverb,それでわ,,,intensive1.16
90,,sorede,therefore,adverb,それで,,,intensive1.16
91,,korekara,after this,adverb,これから,,,intensive1.16
92,,sorekara,and then,adverb,それから,,,intensive1.16
93,,dewa,"well, then",adverb,でわ,,,intensive1.16
94,,taitei,"usually, generally",adverb,たいてい,,,intensive1.16
95,,dandan,gradually,adverb,だんだん,,,intensive1.16
96,,mochiron,certainly,adverb,もちろん,,,intensive1.16
97,,yukkuri,slowly,adverb,ゆっくり,,,intensive1.17
98,,inu,dog,animal,いぬ,,,hiragana book
99,,uma,horse,animal,うま,,,hiragana book
100,,tori,bird,animal,とり,,,hiragana book
101,,neko,cat,animal,ねこ,,,hiragana book
102,,hebi,snake,animal,へび,,,hiragana book
103,,mushi,insect,animal,むし,,,hiragana book
104,,rakuda,camel,animal,らくだ,,,hiragana book
105,,saru,monkey,animal,さる,,,hiragana book
106,,sakana,fish,animal,さかな,,魚,hiragana book
107,,doubutsu,animal,animal,どうぶつ,,,hiragana book
108,,yaku,sheep?,animal,やく,,,hiragana book
109,,boushi,hat,apparel,ぼうし,,,hiragana book
110,,sandaru,sandals,apparel,,サンダル,,hiragana book
111,,suka-to,skirt,apparel,,スカート,,hiragana book
112,,nekutai,necktie,apparel,,ネクタイ,,hiragana book
113,,ashi,feet,body part,あし,,,hiragana book
114,,te,hand,body part,て,,,hiragana book
115,,hone,bone,body part,ほね,,,hiragana book
116,,hana,nose,body part,はな,,,hiragana book
117,,mimi,ears,body part,みみ,,,hiragana book
118,,karada,body,body part,からだ,,体,hiragana book
119,,ganmen,face,body part,がんめん,,,hiragana book
120,,te,hands,body part,て,,,intensive1.12
121,,ha,teeth,body part,は,,,intensive1.12
122,,tsumara,face,body part,つまら,,,intensive1.12
123,,atama,head,body part,あたま,,,intensive1.12
124,,ashi,feet,body part,あし,,,intensive1.12
125,,me,eyes,body part,め,,,intensive1.12
126,,onaka,stomach,body part,おなか,,,intensive1.12
127,,kaminoke,hair (on the head),body part,かみのけ,,,intensive1.12
128,,kuchi,mouth,body part,くち,,,intensive1.12
129,,tsume,fingernails,body part,つめ,,,intensive1.12
130,,karada,body,body part,からだ,,,intensive1.12
131,,sei,height,body part,せい,,,intensive1.12
132,,kubi,neck,body part,くび,,,intensive1.12
133,,yubi,finger,body part,ゆび,,,intensive1.12
134,,mimi,ears,body part,みみ,,,intensive1.12
135,,uwagi,jacket,apparel,うわぎ,,,hiragana book
136,,akai,red,color,あかい,,,hiragana book
137,,kiiroi,yellow,color,きいろい,,,hiragana book
138,,aoi,blue,color,あおい,,,hiragana book
139,,chairoi,brown,color,ちゃいろい,,,hiragana book
140,,kuroi,black,color,くろい,,,hiragana book
141,,shiroi,white,color,しろい,,,hiragana book
142,,murasaki,violet,color,むらさき,,,hiragana book
143,,midori,green,color,みどり,,,hiragana book
144,,gurey(na),grey,color,,,,intensive1.11
145,,ha-douia,hardware,computer,,ハードウイア,,hiragana book
146,,adaputa,adapter,computer,,アダプタ,,hiragana book
147,,modemu,modem,computer,,モデム,,hiragana book
148,,kontore-ra,controller,computer,,コントレーラ,,hiragana book
149,,monita,monitor,computer,,モニタ,,hiragana book
150,,po-to,port,computer,,ポート,,hiragana book
151,,mousu,mouse,computer,,モウス,,hiragana book
152,,mentenansu,maintenance,computer,,メンテナンス,,hiragana book
153,,bakkappu,backup,computer,,バッカップ,,hiragana book
154,,apurike-shon,application,computer,,アプリケーション,,hiragana book
155,,insuto-ru,install,computer,,インストール,,hiragana book
156,,foruda-,folder,computer,,フォルダ,,hiragana book
157,,desukutoppu,desktop,computer,,デスクトップ,,hiragana book
158,,fairu,file,computer,,ファイル,,hiragana book
159,,sa-ba-,server,computer,,サーバー,,hiragana book
160,,rogin,login,computer,,ロゴン,,hiragana book
161,,pasuwa-do,password,computer,,パシワード,,hiragana book
162,,onrain,online,computer,,オンライン,,hiragana book
163,,daunro-do,download,computer,,ダウンロード,,hiragana book
164,,kompyuta,computer,computer,,コンピュタ,,intensive1.1
165,,sofutowea,software,computer,,ソフトバンク,,intensive1.1
166,,kaihatsu,software department,computer,かいはつ,,,intensive1.1
167,,gakkoii,cool,expression,がっこいい,,,japanesepod101
168,,kome,rice,food&drinks,こめ,,,hiragana book
169,,sake,alcohol,food&drinks,さけ,,,hiragana book
170,,niku,meat,food&drinks,にく,,,hiragana book
171,,tamago,egg,food&drinks,たまご,,,hiragana book
172,,mizu,water,food&drinks,みず,,,hiragana book
173,,shio,salt,food&drinks,しお,,,hiragana book
174,,satou,sugar,food&drinks,さとう,,,hiragana book
175,,obentou,packed lunch,food&drinks,おべんとう,,,hiragana book
176,,koucha,brown tea,food&drinks,こうちゃ,,,hiragana book
177,,shouyu,soy sauce,food&drinks,しょうゆ,,,hiragana book
178,,aisukuri-mu,ice cream,food&drinks,,アイスクリーム,,hiragana book
179,,ke-ki,cake,food&drinks,,ケーキ,,hiragana book
180,,ko-hi-,coffee,food&drinks,,コーヒー,,hiragana book
181,,so-se-ji,sausage,food&drinks,,ソーセージ,,hiragana book
182,,chi-zu,cheese,food&drinks,,チーズ,,hiragana book
183,,tsuna,tuna,food&drinks,,ツナ,,hiragana book
184,,tomato,tomato,food&drinks,,トマト,,hiragana book
185,,nu-doru,noodles,food&drinks,,ノードル,,hiragana book
186,,hanba-ga-,hamburger,food&drinks,,ハンバーガー,,hiragana book
187,,miruku,milk,food&drinks,,ミルク,,hiragana book
188,,mu-su,mousse,food&drinks,,ムース,,hiragana book
189,,wain,wine,food&drinks,,ワイン,,hiragana book
190,,pan,bread,food&drinks,,パシ,,hiragana book
191,,piza,pizza,food&drinks,,ピザ,,hiragana book
192,,sarada,salad,food&drinks,,サラダ,,hiragana book
193,,kukki-,cookie,food&drinks,,クッキー,,hiragana book
194,,su-pu,soup,food&drinks,,スープ,,hiragana book
195,,supageti,spaghetti,food&drinks,,スパゲチ,,hiragana book
196,,ryouri,dish,food&drinks,りょうり,,,intensive1.6
197,,kudamono,fruits,food&drinks,くだもの,,,intensive1.6
198,,jusu,juice,food&drinks,じゅす,,,intensive1.6
199,,norimono,food,food&drinks,のります,,,intensive1.8
200,,hirugohan,lunch,food&drinks,ひるぎはん,,,intensive1.8
201,,ramen,ramen,food&drinks,,ラメン,,intensive1.8
202,,asagohan,breakfast,food&drinks,あさぎはん,,,intensive1.8
203,,bangohan,dinner,food&drinks,なごはん,,,intensive1.8
204,,gohan,meal,food&drinks,ごはん,,,intensive1.8
205,,nomimono,drinks,food&drinks,のみもの,,,intensive1.8
206,,biru,beer,food&drinks,,ビル,,intensive1.8
207,,gyuunyuu,milk,food&drinks,ぎゅうにゅう,,,intensive1.8
208,,ocha,green tea,food&drinks,おちゃ,,お茶,intensive1.8
209,,kocha,brown tea,food&drinks,こちゃ,,,intensive1.8
210,,osake,Japanese liquor,food&drinks,おさけ,,,intensive1.8
211,,wain,wine,food&drinks,,ワイン,,intensive1.8
212,,kora,cola,food&drinks,,コラ,,intensive1.8
213,,niku,meat,food&drinks,にく,,,intensive1.11
214,,ryouri,dish,food&drinks,りょうり,,,intensive1.11
215,,orenjijusu,orange juice,food&drinks,,オレンジジュース,,intensive1.13
216,,chawan,rice bowl,food&drinks,ちゃわん,,,intensive1.16
217,,suika,watermelon,fruit,すいか,,,hiragana book
218,,mikan,orange,fruit,みかん,,,hiragana book
219,,momo,peaches,fruit,もも,,,hiragana book
220,,ringo,apple,fruit,りんご,,,hiragana book
221,,kudamono,fruit,fruit,くだもの,,,hiragana book
222,,meron,melon,fruit,,メロン,,hiragana book
223,,painappuru,pineapple,fruit,,パイナップル,,hiragana book
224,,banana,banana,fruit,,バナナ,,hiragana book
225,,mangosuchin,mangosteen,fruit,,マンゴスチン,,hiragana book
226,,dorian,durian,fruit,,ドリアン,,hiragana book
227,,mango-,mango,fruit,,マンゴー,,hiragana book
228,,papaya,papaya,fruit,,パパヤ,,hiragana book
229,,budou,grapes,fruits,ぶどう,,,intensive1.11
230,,ki,tree,nature,き,,,hiragana book
231,,sora,sky,nature,そら,,,hiragana book
232,,tsuki,moon,nature,つく,,,hiragana book
233,,yama,mountain,nature,やま,,山,hiragana book
234,,yuki,snow,nature,ゆき,,雪,hiragana book
235,,yoru,night,nature,よる,,,hiragana book
236,,hana,flower,nature,はな,,,hiragana book
237,,natsu,summer,nature,なつ,,,hiragana book
238,,ame,rain,nature,あめ,,雨,hiragana book
239,,kisetsu,season,nature,きせつ,,,hiragana book
240,,fuyu,winter,nature,ふゆ,,,hiragana book
241,,kaze,wind,nature,かぜ,,風,hiragana book
242,,haru,spring,nature,はる,,,hiragana book
243,,sakura,cherry blossoms,nature,さくら,,,hiragana book
244,,hanabi,fireworks,nature,はなび,,,hiragana book
245,,happa,leaf,nature,はっぱ,,,hiragana book
246,,shikke,humidity,nature,しっけ,,,hiragana book
247,,kaigan,beach,nature,かいがん,,,intensive1.10
248,,Fuijisan,Mt Fuji,nature,ふじさん,,富士山,intensive1.10
249,,hanami,flower viewing,nature,はなみ,,,intensive1.10
250,,umi,"sea, beach",nature,うみ,,,intensive1.11
251,,tenki,weather,nature,てんき,,,intensive1.11
252,,mawari,surroundings,nature,まわり,,,intensive1.18
253,,sakura,cherry blossoms,nature,さくら,,,intensive1.20
254,,ike,pond,nature,いけ,,,intensive1.20
255,,sora,sky,nature,そら,,,intensive1.20
256,,yoyaku,reservation,noun-verb,よやく,,,intensive1.10
257,,renshuu,practice,noun-verb,れんしゅう,,,intensive1.10
258,,shokai,introduction,noun-verb,しょかい,,,intensive1.10
259,,,explanation,noun-verb,,,,intensive1.10
260,,supotsu,sports,noun-verb,,スポつ,,intensive1.10
261,,ryoku,tour,noun-verb,りょく,,,intensive1.10
262,,henji,reply,noun-verb,へんじ,,,intensive1.10
263,,untan,driving,noun-verb,うんたん,,,intensive1.10
264,,souji,cleaning,noun-verb,そうじ,,,intensive1.10
265,,sentaku,laundry,noun-verb,せんたく,,,intensive1.10
266,,gorufu,golf,noun-verb,,ゴルフ,,intensive1.10
267,,demo,but,particles,でも,,,intensive1.13
268,,soshite,and,particles,そして,,,intensive1.13
269,,otoko,male,person,おとこ,,,hiragana book
270,,tomodachi,friend,person,ともだち,,,hiragana book
271,,gakusei,student,person,がくせい,,,hiragana book
272,,nihonjin,Japanese,person,にほんじん,,日本人,hiragana book
273,,watashi,I,person,わたし,,私,hiragana book
274,,kangofu,nurse,person,かんごふ,,,hiragana book
275,,kazoku,family,person,かぞく,,,hiragana book
276,,kodomo,child,person,こども,,,hiragana book
277,,onna,female,person,おんな,,,hiragana book
278,,shain,employee,person,しゃいん,,,hiragana book
279,,anata,you,person,あなた,,,intensive1.1
280,,kaishain,company employee,person,かいしゃいん,,,intensive1.1
281,,shain,employee,person,しゃいん,,,intensive1.1
282,,shachou,"company head, president",person,しゃちょう,,,intensive1.1
283,,buchou,"department head, manager",person,ぶちょう,,,intensive1.1
284,,kachou,"section head, supervisor",person,かちょう,,,intensive1.1
285,,otoko,male,person,おとこ,,,intensive1.1
286,,onna,female,person,おんな,,,intensive1.1
287,,~san,"Mr, Ms, Mrs",person,～さん,,,intensive1.1
288,,~sensei,"teacher, doctor",person,～せんせい,,,intensive1.1
289,,gakusei,student,person,がくせい,,,intensive1.1
290,,Firipinjin,Filipino,person,,フィリピンジョン,,intensive1.1
291,,minna,everyone,person,みんな,,,intensive1.1
292,,hito(informal),person,person,ひと,,,intensive1.1
293,,kata(formal),person,person,かた,,,intensive1.1
294,,kazoku,family,person,かぞく,,,intensive1.1
295,,enjinia,engineer,person,えんじにゃ,,,intensive1.1
296,,kenshuusei,trainees,person,けんしゅうせい,,,intensive1.1
297,,chichi,my father,person,ちち,,,intensive1.1
298,,haha,my mother,person,はは,,,intensive1.1
299,,ani,my older brother,person,あに,,,intensive1.1
300,,ane,my older sister,person,あね,,,intensive1.1
301,,otouto,my younger brother,person,おとうと,,,intensive1.1
302,,imouto,my younger sister,person,いもうと,,,intensive1.1
303,,sofu,my grandfather,person,そふ,,,intensive1.1
304,,sobo,my grandmother,person,そぼ,,,intensive1.1
305,,shujin/otto,my husband,person,しゅじん・おっと,,,intensive1.1
306,,kanai/tsuma,my wife,person,かない・つま,,,intensive1.1
307,,otousan,your father,person,おとうさん,,,intensive1.1
308,,okaasan,your mother,person,おかあさん,,,intensive1.1
309,,anisan,your older brother,person,あにさん,,,intensive1.1
310,,anesan,your older sister,person,あねさん,,,intensive1.1
311,,otoutosan,your younger brother,person,おとうとさん,,,intensive1.1
312,,imoutosan,your younger sister,person,いもうとさん,,,intensive1.1
313,,ojiisan,your grandfather,person,おじいさん,,,intensive1.1
314,,obaasan,your grandmother,person,おばあさん,,,intensive1.1
315,,go-shujin,your husband,person,ごーしゅじん,,,intensive1.1
316,,okusan,your wife,person,おくさん,,,intensive1.1
317,,go-kazoku,your family,person,ごーかぞく,,,intensive1.1
318,,guru-pu,group,person,,グループ,,intensive1.1
319,,ryoushin,parents,person,りょうしん,,,intensive1.2
320,,gaikokujin,foreigner,person,がいこくじん,,外国人,intensive1.2
321,,kyoudai,siblings,person,きょうだい,,,intensive1.2
322,,ko,child,person,こ,,,intensive1.2
323,,chi-mu,team,person,,チーム,,intensive1.4
324,,shinnyuushain,new employee,person,しんにゅうしゃいん,,,intensive1.5
325,,ryuugakusei,exchange student,person,りゅうがくせい,,,intensive1.6
326,,isha,doctor,person,いしゃ,,,intensive1.6
327,,kurasumeto,classmate,person,,クラスト,,intensive1.9
328,,kashu,singer,person,かしゅ,,,intensive1.11
329,,senshu,"athlete, team player",person,せんしゅ,,,intensive1.11
330,,shefu,chef,person,,シェフ,,intensive1.11
331,,watakushi,I (formal),person,わたくし,,,intensive1.17
332,,minasan,everyone,person,みなさん,,,intensive1.17
333,,menba-,member,person,,メンバー,,intensive1.20
334,,jibunde,oneself,person,じぶんで,,,intensive1.20
335,,eki,station,place,えき,,,hiragana book
336,,shima,island,place,しま,,,hiragana book
337,,honya,bookstore,place,ほんや,,,hiragana book
338,,daigaku,university,place,だいがく,,,hiragana book
339,,chikatetsu,subway,place,ちかてつ,,,hiragana book
340,,kusuriya,drugstore,place,くすりや,,,hiragana book
341,,hashi,bridge,place,はし,,,hiragana book
342,,daidokoro,kitchen,place,だいどころ,,,hiragana book
343,,mise,store,place,みせ,,,hiragana book
344,,otera,temple,place,おてら,,,hiragana book
345,,heya,room,place,へや,,,hiragana book
346,,michi,road,place,みち,,,hiragana book
347,,ginkou,bank,place,ぐんこう,,,hiragana book
348,,kouen,park,place,こうえん,,,hiragana book
349,,koukou,high school,place,こうこう,,,hiragana book
350,,kissaten,coffee shop,place,きっさてん,,,hiragana book
351,,gakkou,school,place,がっこう,,,hiragana book
352,,byouin,hospital,place,びょういん,,,hiragana book
353,,kaisha,company,place,かいしゃ,,,hiragana book
354,,toshokan,library,place,としょかん,,,hiragana book
355,,iguru,igloo,place,,イグル,,hiragana book
356,,mo-ru,mall,place,,モール,,hiragana book
357,,ofisu,office,place,,オフィス,,intensive1.1
358,,daigaku,university,place,だいがく,,,intensive1.1
359,,uchi,home,place,うち,,,intensive1.1
360,,ie,house,place,いえ,,,intensive1.1
361,,heya,room,place,へや,,,intensive1.1
362,,chuushajou,parking lot,place,ちゅうしゃじょう,,,intensive1.1
363,,bu,department,place,ぶ,,,intensive1.1
364,,honsha,main office,place,ほんしゃ,,,intensive1.1
365,,shiten,branch office,place,してん,,,intensive1.1
366,,eigakan,movie house,place,えいがかん,,,intensive1.2
367,,depa-to,department store,place,,デパート,,intensive1.2
368,,su-pa-,supermarket,place,,スーパー,,intensive1.2
369,,kaigishitsu,conference room,place,かいぎしつ,,,intensive1.2
370,,kyoushitsu,classroom,place,きょうしつ,,,intensive1.2
371,,apa-to,apartment,place,,アパート,,intensive1.2
372,,koujou,factory,place,こうじょう,,,intensive1.2
373,,ginkou,bank,place,ぎんこう,,,intensive1.2
374,,resutoran,restaurant,place,,レストラン,,intensive1.2
375,,mo-ru,mall,place,,モール,,intensive1.2
376,,taishikan,embassy,place,たいしかん,,,intensive1.2
377,,ryou,dormitory,place,りょう,,,intensive1.2
378,,otearai,washroom,place,おてあらい,,,intensive1.2
379,,eki,station,place,えき,,,intensive1.2
380,,chikatetsu,subway,place,ちかてつ,,,intensive1.2
381,,biru,building,place,,ビル,,intensive1.2
382,,hen,area,place,へん,,,intensive1.2
383,,tokoro,place,place,ところ,,,intensive1.6
384,,tatemono,building,place,たてもの,,,intensive1.6
385,,toire,toilet,place,,トイレ,,intensive1.6
386,,shokudou,cafeteria,place,しょくどう,,,intensive1.8
387,,toshokan,library,place,としょかん,,,intensive1.8
388,,karaoke,karaoke,place,,カラオケ,,intensive1.8
389,,gaikoku?,foreign country,place,がいこく,,,intensive1.9
390,,igirisu,England,place,いぎいず,,,intensive1.9
391,,maresha,Malaysia,place,,イギリス,,intensive1.9
392,,inaka,province,place,,マレシャ,,intensive1.9
393,,kouen,park,place,こうえん,,,intensive1.9
394,,Tai,Thailand,place,たい,,,intensive1.9
395,,shingaporu,Singapore,place,,シンガポル,,intensive1.9
396,,furansu,France,place,,フランス,,intensive1.9
397,,bikoru,Bicol,place,,ビコル,,intensive1.9
398,,rizo-to,resort,place,,リゾート,,intensive1.10
399,,ryokan,Japanese style inn,place,りょかん,,,intensive1.10
400,,minato,port,place,みなと,,,intensive1.13
401,,hoteru,hotel,place,,ホテル,,intensive1.13
402,,kuukou,airport,place,くうこう,,,intensive1.13
403,,genkan,entrance way,place,げんかん,,,intensive1.14
404,,pu-ru,swimming pool,place, ,プール,,intensive1.15
405,,okujou,rooftop,place,おくじょう,,,intensive1.17
406,2,izakaya,"pub, bar",place,いざかや,,,intensive1.18
407,3,douro,road,place,どうろ,,,intensive1.19
408,4,bijutsukan,museum,place,びじゅつかん,,,intensive1.19
409,5,noriba,"station(bus, taxi)",place,のりば,,川,intensive1.19
410,6,inaka,province,place,いなか,,,intensive1.19
411,7,mura,village,place,むら,,,intensive1.19
412,8,(o)dera,temple,place,（お）でら,,,intensive1.19
413,9,kousaten,crossing,place,こうさてん,,,intensive1.19
414,10,kouka,corridor,place,こうか,,,intensive1.19
415,11,machi,town,place,まち,,町,intensive1.19
416,12,niwa,garden,place,にわ,,,intensive1.20
417,13,kawa,river,place,かわ,,,intensive1.20
418,14,hantai,opposite,ra,はんたい,,,hiragana book
419,15,sensu,fan?,random,せんす,,,hiragana book
420,16,hi,may fire?,random,ひ,,,hiragana book
421,17,ro,gate?,random,ろ,,,hiragana book
422,18,netsu,fever,random,ねつ,,,hiragana book
423,19,kaigi,conference,random,かいぎ,,,hiragana book
424,20,yasumi,holiday,random,やすみ,,,hiragana book
425,21,yotei,schedule,random,よてい,,,hiragana book
426,22,shigoto,work,random,しごと,,,hiragana book
427,23,hondana,bookshelf,random,ほんだな,,,hiragana book
428,24,ongaku,music,random,おんがく,,,hiragana book
429,25,kaze,colds,random,かぜ,,,hiragana book
430,26,mado,window,random,まど,,,hiragana book
431,27,namida,tears,random,なみだ,,,hiragana book
432,28,kibun,feeling,random,きぶん,,,hiragana book
433,29,mondai,problem,random,もんだい,,,hiragana book
434,2,suugaku,mathematics,random,すうがく,,,hiragana book
435,3,kouban,police box,random,こうばん,,,hiragana book
436,4,bangou,number,random,ばんごう,,,hiragana book
437,5,eiga,movie,random,えいが,,,hiragana book
438,6,shisei,posture,random,しせい,,,hiragana book
439,7,gakki,semester,random,がっき,,,hiragana book
440,8,hakken,discovery,random,はっけん,,,hiragana book
441,9,ryokou,trip,random,りょこう,,,hiragana book
442,10,hanbun,half,random,はんぶん,,,hiragana book
443,11,kanpai,toast,random,かんぱい,,,hiragana book
444,12,shinpai,worry,random,しんぱい,,,hiragana book
445,13,anshin,relief,random,あんしょん,,,hiragana book
446,14,aisetsu,greeting,random,あいせつ,,,hiragana book
447,15,esukareta,escalator,random,,エスカレタ,,hiragana book
448,16,nyu-su,news,random,,ニュース,,hiragana book
449,17,yoga,yoga,random,,ヨガ,,hiragana book
450,18,kotoba,language,random,ことば,,,intensive1.1
451,19,kuni,country,random,くに,,,intensive1.1
452,20,(O) namae,(Hon) name,random,（お）なまえ,,,intensive1.1
453,21,Amerikanjin,american,random,,アメリカン人,,intensive1.1
454,22,Chuugokujin,chinese,random,,ちゅうごくじん,中国人,intensive1.1
455,23,doitsujin,german,random,,ドイツ人,,intensive1.1
456,24,kankojin,korean,random,かんこじん,,,intensive1.1
457,25,eigo,english language,random,えいご,,,intensive1.1
458,26,doitsugo,german language,random,どいつご,,,intensive1.1
459,27,kankokugo,korean,random,かんこくご,,,intensive1.1
460,28,chuugokugo,chinese,random,ちゅうごくご,,中国語,intensive1.1
461,29,nihongo,Japanese,random,にほんご,,日本語,intensive1.1
462,30,taijin,Tai,random,たじん,,,intensive1.2
463,31,indo,india,random,いんど,,,intensive1.2
464,32,indojin,indian,random,,インドジョン,,intensive1.2
465,33,okane,money,random,おかね,,お金,intensive1.3
466,34,bangou,number,random,ばんごう,,,intensive1.3
467,35,keitai bangou,cell number,random,けいたい　ばんごう,,,intensive1.3
468,36,denwa bangou,phone number,random,でんわ　ばんごう,,,intensive1.3
469,37,fakkusu,fax,random,,ファックス,,intensive1.3
470,38,peji,page,random,,ペジェ,,intensive1.3
471,39,gurai,around~,random,ぐらい,,,intensive1.3
472,40,zenbu de,all/total,random,ぜんぶで,,,intensive1.3
473,41,hatachi,20 years old,random,はたち,,,intensive1.3
474,42,kurasu,class,random,,クラス,,intensive1.4
475,43,jukyou,class,random,じゅじょう,,,intensive1.4
476,44,shiai,game,random,しあい,,,intensive1.4
477,45,supotsu taikai,Sports festival/meet,random,スポつたかい,スポつたかい,,intensive1.4
478,46,kaigi,conference,random,かいぎ,,,intensive1.4
479,47,mi-tingu,meeting,random,,ミーチング,,intensive1.4
480,48,pa-ti-,party,random,,パーチー,,intensive1.4
481,49,(o) tanjoubi,birthday,random,（お）たんじょうび,,,intensive1.4
482,50,purojekuto,project,random, ,プロジェクト,,intensive1.4
483,51,senshu,team player,random,せんしゅ,,,intensive1.4
484,52,isogashi,busy,random,いそがし,,忙,intensive1.4
485,53,tsugi,next,random,つぎ,,,intensive1.4
486,54,taihen,"hard, difficult",random,たいへん,,,intensive1.4
487,55,mazu,at first,random,まず,,,intensive1.4
488,56,yasumi,vacation,random,やすみ,,,intensive1.4
489,57,natsu yasumi,summer vacation,random,なつ　やすみ,,,intensive1.4
490,58,kurisumasu,Christmas,random,,クリスマス,,intensive1.4
491,59,gozen,am,random,ごぜん,,,intensive1.4
492,60,gogo,pm,random,ごご,,,intensive1.4
493,61,itsu,when,random,いつ,,,intensive1.4
494,62,yotei,schedule,random,よてい,,,intensive1.4
495,63,jikan,time,random,じかん,,,intensive1.4
496,64,ima,right now,random,いま,,今,intensive1.4
497,65,shimekin,deadline,random,しめきん,,,intensive1.4
498,66,katamichi,one way,random,かたみち,,,intensive1.5
499,67,oufuku,round trip,random,おうふく,,,intensive1.5
500,68,aruite,by foot,random,あるいて,,,intensive1.5
501,69,shukudai,homework,random,しゅくだい,,,intensive1.5
502,70,bunpou,grammar,random,ぶんぽう,,,intensive1.5
503,71,zemi,seminar,random,ぜーみ,,,intensive1.5
504,72,tore-ningu,training,random,,トレーニング,,intensive1.5
505,73,kaiwa,conversation,random,かいわ,,,intensive1.5
506,74,zangyou,overtime,random,ざんぎょう,,,intensive1.5
507,75,yachin,rent,random,やちん,,,intensive1.6
508,76,mondai,problem,random,もんだい,,,intensive1.6
509,77,kanji,Chinese character,random,かんじ,,,intensive1.6
510,78,ji,characters/letters,random,じ,,,intensive1.6
511,79,osoi,late,random,おおい,,,intensive1.6
512,80,kusuri,medicine,random,くすり,,,intensive1.8
513,81,meru,e-mail,random,,メール,,intensive1.8
514,82,uta,song,random,うた,,,intensive1.8
515,83,nyusu,news,random,にゅす,,,intensive1.8
516,84,arubaito,part-time job,random,,アルバイト,,intensive1.8
517,85,repoto,report,random,,レポと,,intensive1.8
518,86,toisshoni,companion. Together with,random,といっしょに,,,intensive1.8
519,87,~do,~degree,random,～ど,,,intensive1.10
520,88,oto,sound,random,おと,,,intensive1.11
521,89,iro,color,random,いろ,,,intensive1.11
522,2,gita-,guitar,random,,ギータ,,intensive1.11
523,3,nioi,smell,random,におい,,,intensive1.11
524,,tesuto,test,random,,テスト,,intensive1.11
525,,suugaku,Mathematics,random,すうがく,,,intensive1.11
526,,piano,piano,random, ,ピアノ,,intensive1.11
527,,heta,poor at,random,へた,,,intensive1.11
528,,jouzu,good at,random,じょうず,,,intensive1.11
529,,suki,like,random,すき,,,intensive1.11
530,,hoshii,want,random,ほしい,,,intensive1.11
531,,kirai,hate,random,きらい,,,intensive1.11
532,12,aru,have,random,ある,,,intensive1.11
533,13,iru,need,random,いる,,,intensive1.11
534,14,doa,door,random,,ドア,,intensive1.13
535,15,shawa,shower,random,,シャワー,,intensive1.13
536,16,denki,electricity/ light,random,でんき,,,intensive1.15
537,17,saigo,last,random,さいご,,,intensive1.15
538,18,juusho,address,random,じゅうしょ,,,intensive1.16
539,19,kado,corner,random,かど,,,intensive1.16
540,20,migigawa,right side,random,みぎがわ,,,intensive1.16
541,21,hitorigawa,left side,random,ひとりがわ,,,intensive1.16
542,22,massugu,straight ahead,random,まっすぐ,,,intensive1.16
543,23,mou ichido,"once more, again",random,もう　いちど,,,intensive1.16
544,24,kabe,wall,random,かべ,,,intensive1.17
545,25,nomikai,"get together, drinking party",random,のみかい,,,intensive1.17
546,26,kaidan,stairs,random,かいだん,,,intensive1.17
547,2,sain,signature,random,,サイン,,intensive1.17
548,3,haru,paste,random,はる,,,intensive1.18
549,4,mezurashii,rare,random,めずらしい,,,intensive1.18
550,,hiruma,lunchtime,random,ひるま,,,intensive1.18
551,6,shirase,announcement,random,しらせ,,,intensive1.18
552,7,~niyoruto,according to,random,～によると,,,intensive1.18
553,,kouban,police box,random,じょうばん,,,intensive1.19
554,9,youji,appointment,random,ようじ,,,intensive1.20
555,10,nia-nia-,cats cry,random,,にあーにあ,,intensive1.20
556,11,wanwan,dogs cry,random,,ワンワン,,intensive1.20
557,12,hajimeni,at first,random,はじめに,,,intensive1.20
558,13,mannaka,middle,random,まんなか,,,intensive1.20
559,14,douzo,please (go ahead),random,どうぞ,,,intensive1.20
560,,dekirudake,if possible,random,できるだけ,,,intensive1.20
561,16,tabun,probably,random,たぶん,,,intensive1.20
562,17,mata~,again,random,また～,,,intensive1.20
563,18,yakyuu,baseball,sports,やきゅう,,,hiragana book
564,19,bouringu,bowling,sports,,ボウリング,,hiragana book
565,20,sakka-,soccer,sports,,サッカー,,hiragana book
566,21,basukettobo-ru,basketball,sports,,バアウケットボール,,hiragana book
567,22,bare-bo-ru,volleyball,sports,,バレーボール,,hiragana book
568,23,tenisu,tennis,sports,,テニス,,hiragana book
569,24,gorufu,golf,sports,,ゴルフ,,hiragana book
570,25,badominton,badminton,sports,,バドミントン,,hiragana book
571,26,pinpon,pingpong,sports,,ピンポン,,hiragana book
572,27,badominton,badminton,sports,,バドミントン,,intensive1.11
573,28,sakka,soccer,sports,,サッカー,,intensive1.11
574,29,amai,sweet,taste,あまい,,,hiragana book
575,30,karai,spicy,taste,からい,,,hiragana book
576,31,suppai,sour,taste,すっぱい,,,hiragana book
577,32,nigai,bitter,taste,にがい,,,hiragana book
578,33,kono,this noun,term,この,,,intensive1.1
579,34,sono,that noun,term,その,,,intensive1.1
580,35,ano,that noun over there,term,あの,,,intensive1.1
581,36,dono,which noun,term,どの,,,intensive1.1
582,37,kore,this is +,term,これ,,,intensive1.1
583,38,sore,that is +,term,それ,,,intensive1.1
584,39,are,that over there is +,term,あれ,,,intensive1.1
585,40,dore,which is,term,どれ,,,intensive1.1
586,41,koko,here,term,ここ,,,intensive1.1
587,42,soko,there,term,そこ,,,intensive1.1
588,43,asoko,over there,term,あそこ,,,intensive1.1
589,44,doko,where,term,どこ,,,intensive1.1
590,45,kochira,this way,term,こちら,,,intensive1.1
591,46,sochira,that way,term,そちら,,,intensive1.1
592,47,achira,that way over there,term,あちら,,,intensive1.1
593,48,dochira,which way,term,どちら,,,intensive1.1
594,49,donata,who(formal - use with kata),term,どなた,,,intensive1.1
595,50,donata no,whose (formal),term,どなたの,,,intensive1.1
596,51,dare,who (informal - use with hito),term,だれ,,,intensive1.1
597,52,dare no,whose (informal),term,だれの,,,intensive1.1
598,53,nan,what,term,なん,,,intensive1.1
599,54,nanno,what kind of,term,なんの,,,intensive1.1
600,55,ue,top/above,term,うえ,,,intensive1.2
601,56,shita,below/under,term,した,,,intensive1.2
602,57,mae,in front,term,まえ,,,intensive1.2
603,58,ushiro,back,term,うしろ,,,intensive1.2
604,59,naka,inside,term,なか,,,intensive1.2
605,60,soto,outside,term,そと,,,intensive1.2
606,,aida,in between,term,あいだ,,間,intensive1.2
607,62,migi,right,term,みぎ,,右,intensive1.2
608,63,hidari,left,term,ひだり,,,intensive1.2
609,64,chikaku,near,term,ちかく,,近,intensive1.2
610,65,tonari,beside,term,となり,,,intensive1.2
611,66,soba,beside,term,そば,,,intensive1.2
612,67,yoko,beside,term,よこ,,横,intensive1.2
613,68,mukou,across,term,むこう,,,intensive1.2
614,69,kita,north,term,きた,,,intensive1.2
615,70,higashi,east,term,ひがし,,東,intensive1.2
616,71,nishi,west,term,にし,,,intensive1.2
617,2,minami,south,term,みなみ,,,intensive1.2
618,3,nedan,price,term,ねさん,,,intensive1.3
619,4,en,yen,term,えん,,円,intensive1.3
620,5,peso,peso,term,ぺそ,,,intensive1.3
621,6,doru,dollar,term,どる,,,intensive1.3
622,7,rei,"zero, example",term,れい,,,intensive1.3
623,8,maru,"zero, circle",term,まる,,丸,intensive1.3
624,9,(o) ikutsu,how old,term,（お）いくつ,,,intensive1.3
625,10,dou,how/what,term,どう,,,intensive1.5
626,11,donna,what kind of,term,どんな,,,intensive1.5
627,12,darega,what,terms,だれが,,,intensive1.13
628,13,naniga,who,terms,なにが,,,intensive1.13
629,14,dorega,which one,terms,どれが,,,intensive1.13
630,15,origami,,things,おりがみ,,,hiragana book
631,16,kasa,umbrella,things,かさ,,,hiragana book
632,17,kutsu,shoes,things,くつ,,,hiragana book
633,18,tako,kite,things,たこ,,,hiragana book
634,19,chizu,map,things,ちず,,,hiragana book
635,20,nuno,cloth,things,ぬの,,,hiragana book
636,2,nori,glue,things,のり,,,hiragana book
637,3,hata,flag,things,はた,,,hiragana book
638,4,megane,eyeglass,things,めがね,,,hiragana book
639,,wata,cotton,things,わた,,,hiragana book
640,6,hon,book,things,ほん,,,hiragana book
641,7,hagaki,postcard,things,はがき,,,hiragana book
642,8,shiken,exam,things,しけん,,,hiragana book
643,9,tegami,letter,things,てがみ,,,hiragana book
644,10,tokei,watch,things,とけい,,,hiragana book
645,11,kaban,bag,things,かばん,,,hiragana book
646,12,denwa,phone,things,でんわ,,,hiragana book
647,13,enpitsu,pencil,things,えんぴつ,,,hiragana book
648,14,hashi,chopsticks,things,はし,,,hiragana book
649,15,take,bamboo,things,たけ,,,hiragana book
650,16,hasami,scissors,things,はさみ,,,hiragana book
651,17,kami,paper,things,かみ,,,hiragana book
652,18,saifu,"wallet, purse",things,さいふ,,,hiragana book
653,,okane,money,things,おかね,,お金,hiragana book
654,20,shinbun,newspaper,things,しんぶん,, ,hiragana book
655,21,tsukue,desk,things,つくえ,,,hiragana book
656,,kuruma,car,things,くるま,,,hiragana book
657,23,kitte,stamp,things,きって,,,hiragana book
658,24,kippu,ticket,things,きっぷ,,,hiragana book
659,25,sekken,soap,things,せっけん,,,hiragana book
660,26,zasshi,magazine,things,ざっし,,,hiragana book
661,27,kyoukasho,textbook,things,きょうかしょ,,,hiragana book
662,28,ningyou,doll,things,にんぎょう,,,hiragana book
663,29,jisho,dictionary,things,じしょ,,,hiragana book
664,30,ukurere,ukelele,things,,ウクレレ,,hiragana book
665,31,kamera,camera,things,,カメラ,,hiragana book
666,,ki-bo-do,keyboard,things,,キボド,,hiragana book
667,,kureyon,crayon,things,,クレヨン,,hiragana book
668,,shi-to-beruto,seatbelt,things,,シートーベルト,,hiragana book
669,35,terebi,television,things,,テレビ,,hiragana book
670,36,naifu,knifu,things,,ナイフ,,hiragana book
671,37,no-to,notebook,things,,ノート,,hiragana book
672,38,hi-ta-,heater,things,,ヒーター,,hiragana book
673,39,furafu-pu,hoola hoop,things,,フラフープ,,hiragana book
674,40,hochikisu,stapler,things,ほちきす,,,hiragana book
675,41,masuku,mask,things,,マスク,,hiragana book
676,42,yuniho-mu,uniform,things,,ユノホーム,,hiragana book
677,43,rajio,radio,things,,ラフィオ,,hiragana book
678,44,ribon,ribbon,things,,リボン,,hiragana book
679,45,ru-retto,roulette,things,,ルーレット,,hiragana book
680,46,robotto,robot,things,,ロボット,,hiragana book
681,47,fuutou,envelope,things,ふうとう,,,intensive1.1
682,48,surippa,slippers,things,,スリッパ,,intensive1.1
683,49,hon,book,things,ほん,,,intensive1.1
684,50,keitai,cellphone,things,ぇいたい,,,intensive1.2
685,51,denwa,phone,things,でんわ,,,intensive1.2
686,52,kagi,key,things,かぎ,,,intensive1.2
687,2,hikidashi,drawer,things,ひきだし,,,intensive1.2
688,3,te-buru,table,things,,テーブル,,intensive1.2
689,4,tsukue,desk/table,things,つくえ,,,intensive1.2
690,5,isu,chair,things,いす,,,intensive1.2
691,6,megane,eyeglass,things,めがね,,,intensive1.2
692,7,bin,bottle,things,びん,,,intensive1.3
693,8,borupen,ballpen,things,ぼるぺん,,,intensive1.3
694,9,pen,pen,things,ぺん,,,intensive1.3
695,10,pasokon,laptop,things,ぱそこん,,,intensive1.6
696,11,supun,spoon,things,,スプン,,intensive1.8
697,,yorimono,reading materials,things,よりもの,,,intensive1.8
698,,shousetsu,novel,things,しょうせつ,,,intensive1.8
699,14,zasshi,magazine,things,ざっし,,,intensive1.8
700,15,tabako,cigarette,things,,タバコ,,intensive1.8
701,16,kurejitokado,credit card,things,,クレジットカード,,intensive1.8
702,17,shashin,picture/photo,things,しゃしん,,,intensive1.8
703,18,denkiseihin,electronic products,things,でんきせいひん,,,intensive1.10
704,19,denki,electricity,things,でんき,,,intensive1.10
705,20,keshigomu,eraser,things,けしごむ,,,intensive1.11
706,21,purezento,present,things,,プレゼント,,intensive1.11
707,22,ofuro,bathtub,things,おふる,,,intensive1.13
708,23,kabin,vase,things,かびん,,,intensive1.13
709,24,wasuremono,lost article,things,わすれもの,,,intensive1.13
710,25,memo,memo,things,,メモ,,intensive1.13
711,2,firumo,film,things,,フィルモ,,intensive1.13
712,3,youfuku,clothes,things,ようふく,,,intensive1.14
713,,se-ta-,sweater,things,,セーター,,intensive1.14
714,5,o-ba-,overcoat,things,,オーバー,,intensive1.14
715,6,sebiro,suit,things,せびる,,,intensive1.14
716,7,suka-to,skirt,things,,スカート,,intensive1.14
717,8,subon,"slacks, pants",things,すぼん,,,intensive1.14
718,9,kutsushita,socks,things,くつした,,,intensive1.14
719,10,nekutai,necktie,things,,ネクタイ,,intensive1.14
720,11,earinggu,earrings,things,,エアリング,,intensive1.14
721,,sungurasu,sunglass,things,,スングラス,,intensive1.14
722,13,nekuresu,necklace,things,,ネクレス,,intensive1.14
723,14,fuku,clothes,things,ふく,,,intensive1.14
724,15,shiatsu,shirt,things,,シアツ,,intensive1.14
725,16,ko-to,coat,things,,コーヒー,,intensive1.14
726,17,uwagi,jacket,things,うわぎ,,,intensive1.14
727,18,shitagi,underwear,things,したぎ,,,intensive1.14
728,19,pantsu,pants,things,,パンツ,,intensive1.14
729,20,boushi,hat,things,ぼうし,,,intensive1.14
730,21,beruto,belt,things,,ベルト,,intensive1.14
731,22,bashou,place,things,ばしょう,,,intensive1.14
732,23,pokett,pocket,things,,ポケット,,intensive1.14
733,24,hankachi,handerchief,things,,ハンカチ,,intensive1.14
734,25,iacon,air-conditioner,things,,イアコン,,intensive1.15
735,26,suto-bu,heater,things,,ストーブ,,intensive1.15
736,27,honda(na),bookshelves,things,ほんだ（な）,,,intensive1.15
737,28,bata-,butter,things,,バター,,intensive1.15
738,29,danbou,heating,things,だんぼう,,,intensive1.15
739,30,reizouko,refrigerator,things,れいぞうこ,,,intensive1.15
740,31,e,painting,things,え,,,intensive1.15
741,32,sakubun,composition,things,さくぶん,,,intensive1.15
742,33,(o) sara,plate,things,（お）さら,,,intensive1.16
743,34,akashi,"confections, sweets",things,あかし,,,intensive1.16
744,,kazegusuri,cold medicine,things,かぜぐすり,,,intensive1.16
745,36,botan,button,things,ぼたん,,,intensive1.16
746,37,macchi,match,things,,マッチ,,intensive1.16
747,,naifu,knife,things,,ナイフ,,intensive1.16
748,39,sekken,soap,things,せっけん,,,intensive1.16
749,40,haizara,ashtray,things,はいざら,,,intensive1.16
750,41,keisanki,calculator,things,けいさんき,,,intensive1.17
751,42,denshijisho,electronic dictionary,things,でんしじしょ,,,intensive1.17
752,,erebe--ta-,elevator,things,,エレベーター,,intensive1.17
753,,posuto,"post, mail box",things,,ポスト,,intensive1.17
754,,mono,"thing, object",things,もの,,,intensive1.17
755,,mannenhitsu,fountain pen,things,まんねんぎつ,,,intensive1.17
756,,posuta,poster,things,,ポスター,,intensive1.17
757,,ka-ten,curtain,things,,カーテン,,intensive1.18
758,,suicchi,switch,things,,スイッチ,,intensive1.18
759,,deguchi,exit,things,でぐち,,出口,intensive1.18
760,,mon,gate,things,もん,,,intensive1.18
761,,toriniku,chicken,things,とりにく,,,intensive1.18
762,,butaniku,meat,things,ぶたにく,,,intensive1.18
763,,nimotsu,"luggage, baggage",things,にもつ,,,intensive1.18
764,,kanban,bulletin board,things,かんばん,,,intensive1.18
765,,manga,"comic, cartoon",things,まんが,,,intensive1.19
766,,kisetsu,season,time,きせつ,,,intensive1.4
767,,haru,spring,time,はる,,,intensive1.4
768,,natsu,summer,time,なつ,,,intensive1.4
769,,aki,autumn,time,あき,,,intensive1.4
770,,fuyu,winter,time,ふゆ,,,intensive1.4
771,,shuumatsu,weekend,time,しゅうまつ,,,intensive1.4
772,,shuujitsu,weekday,time,しゅうじつ,,,intensive1.4
773,,hitotsuki,one month,time,ひとつき,,,intensive1.4
774,,kyuukei,break,time,きゅうけい,,,intensive1.4
775,,ototoi,day before yesterday,time,おととい,,,intensive1.4
776,,kinou,yesterday,time,きのう,,,intensive1.4
777,,kyou,today,time,きょう,,,intensive1.4
778,,ashita,tomorrow,time,あした,,,intensive1.4
779,,asatte,day after tomorrow,time,あさって,,,intensive1.4
780,,mainichi,everyday,time,まいにち,,,intensive1.4
781,,ototoi no asa,morning before last,time,おととい　の　あさ,,,intensive1.4
782,,kinou no asa,yesterday morning,time,きのう　の　あさ,,,intensive1.4
783,,kesa,this morning,time,けさ,,,intensive1.4
784,,ashita no asa,tomorrow morning,time,あひた　の　あさ,,,intensive1.4
785,,asatte no asa,morning after next,time,あさって　の　あさ,,,intensive1.4
786,,maiasa,every morning,time,まいあさ,,,intensive1.4
787,,ototoi no yoru,night before last,time,のととい　の　よる,,,intensive1.4
788,,yuube,yesterday night,time,ゆうべ,,,intensive1.4
789,,konban,this night,time,こんばん,,,intensive1.4
790,,ashita no yoru,tomorrow night,time,あした　の　よる,,,intensive1.4
791,,asatte no yoru,night after next,time,あさって　の　よる,,,intensive1.4
792,,maiban,every night,time,まいばん,,,intensive1.4
793,,sen sen shuu,week before last,time,せんせんしゅう,,,intensive1.4
794,,sen shuu,last week,time,せんしゅう,,,intensive1.4
795,,konshuu,this week,time,こんしゅう,,,intensive1.4
796,,raishuu,next week,time,らいしゅう,,,intensive1.4
797,,saraishuu,week after next,time,さらいしゅう,,,intensive1.4
798,,maishuu,everyweek,time,まいしゅう,,,intensive1.4
799,,sensen getsu,month before last,time,せんせんげつ,,,intensive1.4
800,,sengetsu,last month,time,せんげつ,,,intensive1.4
801,,kongetsu,this month,time,こんげつ,,,intensive1.4
802,,raigetsu,next month,time,らいげつ,,,intensive1.4
803,,saraigetsu,month after next,time,さらいげつ,,,intensive1.4
804,,maigetsu/maitsuki,every month,time,まいげつ・まいつき,,,intensive1.4
805,,ototoshi,year before last,time,おととし,,,intensive1.4
806,,kyonen,last year,time,きょねん,,,intensive1.4
807,,kotoshi,this year,time,ことし,,,intensive1.4
808,,rainen,next year,time,らいねん,,,intensive1.4
809,,sarainen,year after next,time,さらいねん,,,intensive1.4
810,,maitoshi/mainen,every year,time,まいとし・まいねん,,,intensive1.4
811,,~mae,~before[hour],time,～まえ,,,intensive1.4
812,,~sugi,~past[hour],time,～すぎ,,,intensive1.4
813,,hiru,"lunch time, noon",time,ひる,,,intensive1.4
814,,choudo~,exactly~,time,ちょうど～,,,intensive1.4
815,,~goro,~around,time,～ごろ,,,intensive1.4
816,,~han,~half hour,time,～はん,,,intensive1.4
817,,kara,from,time,から,,,intensive1.4
818,,made,until,time,まで,,,intensive1.4
819,,nanpun,what minute,time,なんぷん,,,intensive1.4
820,,nanji,what time,time,なんじ,,,intensive1.4
821,,nannichi,what day (month),time,なんにち,,,intensive1.4
822,,nanyoubi,what day (week),time,なにょうび,,,intensive1.4
823,,nangatsu,what month,time,なんがつ,,,intensive1.4
824,,nannen,what year,time,なんねん,,,intensive1.4
825,,itsu,when,time,いつ,,,intensive1.4
826,,itsu goro,around when,time,いつ　ごろ,,,intensive1.4
827,,tsuyu,rainy season,time,つゆ,,,intensive1.5
828,,nasu,eggplant,vegetable,なす,,,hiragana book
829,,mame,beans,vegetable,まめ,,,hiragana book
830,,yasai,vegetable,vegetable,やさい,,,hiragana book
831,,serori,celery,vegetable,,セロリ,,hiragana book
832,,retasu,lettuce,vegetable,,レタス,,hiragana book
833,,fune,ship,vehicle,ふね,,,hiragana book
834,,hikouki,airplane,vehicle,ひこうき,,,hiragana book
835,,densha,train,vehicle,でんしゃ,,,hiragana book
836,,otobai,motorcycle,vehicle,おとばい,,,hiragana book
837,,takushi-,taxi,vehicle,,タウシー,,hiragana book
838,,herikoputa,helicopter,vehicle,,ヘリコプタ,,hiragana book
839,,monore-ru,monorail,vehicle,,モノレール,,hiragana book
840,,ji-pu,jeep,vehicle,,ジープ,,hiragana book
841,,basu,bus,vehicle,,バス,,hiragana book
842,,jitensha,bicycle,vehicle,じてんしゃ,,,hiragana book
843,,norimono,vehicles,vehicle,のりもの,,,intensive1.5
844,,jidousha,car/automobile,vehicle,じどうしゃ,,,intensive1.5
845,,shinkansen,bullet train,vehicle,しんかんせん,,,intensive1.19
846,,okimasu,to wake up,verb,おきます,,,intensive1.7
847,,nemasu,to sleep,verb,ねます,,,intensive1.7
848,,kyuukeishimasu,to take a break,verb,きゅうじぇいします,,,intensive1.7
849,,shigotoshimasu,to work,verb,しごとします,,,intensive1.7
850,,benkyoushimasu,to study,verb,べんきょうします,,,intensive1.7
851,,zangyoushimasu,to work overtime,verb,ざんぎょうします,,,intensive1.7
852,,hatarakimasu,to work,verb,はたらきます,,,intensive1.7
853,,umaremasu,to be born,verb,うまれます,,,intensive1.7
854,,hajimarimasu,to start,verb,はじまります,,,intensive1.7
855,,yasumimasu,to rest,verb,やすみます,,,intensive1.7
856,,owarimasu,to finish,verb,おわります,,,intensive1.7
857,,tabemasu,to eat,verb,たべます,,食,intensive1.8
858,,nomimasu,to drink,verb,のみます,,,intensive1.8
859,,yomimasu,to read,verb,よみます,,,intensive1.8
860,,kakimasu,to write,verb,かきます,,,intensive1.8
861,,kikimasu,"to listen, to ask",verb,ききます,,,intensive1.8
862,,suimasu,to smoke,verb,すいます,,,intensive1.8
863,,benkyoushimasu,to study,verb,べんきょうします,,,intensive1.8
864,,mimasu,"to watch, see",verb,みます,,,intensive1.8
865,,oshiemasu,"to teach, tell",verb,おしえます,,,intensive1.8
866,,kaimasu,to buy,verb,かいます,,,intensive1.8
867,,urimasu,to sell,verb,うります,,,intensive1.8
868,,hanashimasu,to speak,verb,はなでぃます,,,intensive1.8
869,,kakemasu,to call,verb,かけます,,,intensive1.8
870,,utaimasu,to sing,verb,うたいます,,,intensive1.8
871,,ikimasu,to go,verb,いきます,,,intensive1.9
872,,kaerimasu,to go home,verb,かえります,,,intensive1.9
873,,kaimonoshimasu,to go shopping,verb,かいものします,,,intensive1.9
874,,kimasu,to come,verb,きます,,,intensive1.9
875,,modorimasu,to return,verb,もどります,,,intensive1.9
876,,asobimasu,to play,verb,あそびます,,,intensive1.9
877,,shinimasu,to die,verb,しにます,,,intensive1.9
878,,oyogimasu,to swim,verb,およぎます,,,intensive1.9
879,,machimasu,to wait,verb,まちます,,,intensive1.9
880,,norimasu,to ride,verb,のります,,,intensive1.9
881,,asobimasu,to play/go out,verb,あそびます,,,intensive1.10
882,,oboemasu,to remember,verb,おぼえます,,,intensive1.10
883,,oyogimasu,to swim,verb,およぎます,,,intensive1.10
884,,shimasu,to know,verb,します,,,intensive1.10
885,,yoyakushimasu,to reserve,verb,よやくします,,,intensive1.10
886,,shoukaishimasu,to introduce,verb,しょうかいします,,,intensive1.10
887,,renshuushimasu,to practice,verb,れんしゅうします,,,intensive1.10
888,,henjishimasu,to reply,verb,へんじします,,,intensive1.10
889,,soujishimasu,to clean,verb,そうじします,,,intensive1.10
890,,supotsushimasu,to do sports,verb,すぽつします,,,intensive1.10
891,,ryokuushimasu,to tour,verb,りょくうします,,,intensive1.10
892,,setsumeishimasu,to explain,verb,せつめいします,,,intensive1.10
893,,denwashimasu,to call,verb,でんわします,,,intensive1.10
894,,untanshimasu,to drive,verb,うんたんします,,,intensive1.10
895,,sentakushimasu,to do laundry,verb,せんたくします,,,intensive1.10
896,,kikoeru,can hear,verb,きこえる,,,intensive1.11
897,,dekiru,can do,verb,できる,,,intensive1.11
898,,wakaru,can understand,verb,わかる,,,intensive1.11
899,,mieru,can see,verb,みえる,,,intensive1.11
900,,dasu,to submit,verb,だす,,,intensive1.12
901,,harau,to pay,verb,はらう,,,intensive1.12
902,,tsukuru,"to make, cook",verb,つくる,,,intensive1.12
903,,suwaru,to sit,verb,すわる,,,intensive1.12
904,,kariru,to borrow,verb,かりる,,,intensive1.12
905,,shimeru,to close,verb,しめる,,,intensive1.12
906,,kaesu,to return,verb,かえす,,,intensive1.12
907,,tsukau,to use,verb,つかう,,,intensive1.12
908,,aruku,to walk,verb,あるく,,,intensive1.12
909,,matsu,"to hold, carry",verb,まつ,,,intensive1.12
910,,naru,to become,verb,なる,,,intensive1.12
911,,obiru,to bath,verb,おびる,,,intensive1.13
912,,ofuronihairu,to take a bath,verb,おふろにはいる,,,intensive1.13
913,,odoru,to dance,verb,おどる,,,intensive1.13
914,,toru,to take,verb,とる,,,intensive1.13
915,,kakeru,to go out,verb,かける,,,intensive1.13
916,,kangaeru,"to view, mind",verb,かんがえる,,,intensive1.13
917,,ryuugakusuru,studying abroad,verb,りゅうがくする,,,intensive1.13
918,,sumu,to live,verb,すむ,,,intensive1.13
919,,noru,to ride,verb,のる,,,intensive1.13
920,,shitsumonsuru,to ask question,verb,しつもんする,,,intensive1.13
921,,soudansuru,to consult,verb,そうだんする,,,intensive1.13
922,,magaku,to brush,verb,まがく,,,intensive1.13
923,,sanposuru,"to walk, stroll",verb,さんぽする,,,intensive1.13
924,,hiku,to pull,verb,ひく,,,intensive1.13
925,,noboru,"to go up, climb",verb,のぼる,,,intensive1.13
926,,okuru,to send (a thing),verb,おくる,,,intensive1.13
927,,tsutomeru,to work,verb,つとめる,,,intensive1.13
928,,hairu,to enter,verb,はいる,,,intensive1.13
929,,tomaru,to stay,verb,ろまる,,,intensive1.13
930,,au,to meet,verb,あう,,,intensive1.13
931,,tsukuru,to arrive,verb,つくる,,,intensive1.13
932,,oku,"to place, put on",verb,おく,,,intensive1.13
933,,magaru,turn to,verb,まがる,,,intensive1.13
934,,wasuremono,forgotten item,verb,わすれもの,,,intensive1.13
935,,saki,ahead,verb,さき,,,intensive1.13
936,,hashiru,to run,verb,はしる,,,intensive1.13
937,,isogu,to hurry,verb,いそぐ,,,intensive1.13
938,,kakeru,to put on (eyewear),verb,かける,,,intensive1.14
939,,shimeru,to put on,verb,しめる,,,intensive1.14
940,,suru,to put on (accessories),verb,する,,,intensive1.14
941,,kaburu,to put on (headgear),verb,かぶる,,,intensive1.14
942,,haku,to wear (lower garment/footwear),verb,はく,,,intensive1.14
943,,kiru,to wear (upper garment),verb,きる,,,intensive1.14
944,,nugu,"to take off (upper, lower garment)",verb,ぬぐ,,,intensive1.14
945,,hazusu,"to take off (accessories, eyewear, headgear, general)",verb,はずす,,,intensive1.14
946,,kimeru,to decide,verb,きめる,,,intensive1.14
947,,fukoukakushita?,failed,verb,ふこうかくした,,,intensive1.14
948,,agaru,"to go up, rise",verb,あがる,,,intensive1.15
949,,wasureru,to forget,verb,わすれる,,,intensive1.15
950,,chigau,to differ,verb,ちがう,,,intensive1.15
951,,hiku,to pull (string),verb,ひく,,,intensive1.15
952,,oriru,get off,verb,おりる,,,intensive1.15
953,,kiru,to cut,verb,きる,,,intensive1.15
954,,miseru,to show,verb,みせる,,,intensive1.15
955,,erabu,to go choose,verb,えらぶ,,,intensive1.15
956,,watasu,to handover,verb,わたす,,,intensive1.15
957,,kesu,"to erase, to turn off",verb,けす,,,intensive1.15
958,,morau,receive,verb,もらう,,,intensive1.15
959,,oboeru,to remember,verb,おぼえる,,,intensive1.15
960,,sotsugyousuru,to graduate,verb,そつぎょうする,,,intensive1.15
961,,wataru,to cross over,verb,わたる,,,intensive1.16
962,,undou suru,exercise,verb,うんどう　する,,,intensive1.16
963,,osu,to push button,verb,おす,,,intensive1.16
964,,arau,to wash,verb,あらう,,,intensive1.16
965,,naraberu,to line up,verb,なれべる,,,intensive1.16
966,,tsukareru,to get tired,verb,つかれる,,,intensive1.16
967,,tanomu,to ask question,verb,たのむ,,,intensive1.16
968,,magaru,to bend,verb,まがる,,,intensive1.16
969,,sagasu,to search,verb,さがす,,,intensive1.16
970,,yobu,to call,verb,よぶ,,,intensive1.16
971,,tatsu,to stand,verb,たつ,,,intensive1.17
972,,matsu,to wait,verb,まつ,,,intensive1.17
973,,mottekuru,to bring,verb,もってくる,,,intensive1.17
974,,itadaku,to receive,verb,いただく,,,intensive1.17
975,,yameru,to stop,verb,やめる,,,intensive1.17
976,,komaru,to be troubled,verb,こある,,,intensive1.17
977,,miseru,to show,verb,みせる,,,intensive1.17
978,,jogingu(suru),jogging,verb,,ジョギング（する）,,intensive1.17
979,,shitsureisuru,to excuse,verb,しつれいする,,,intensive1.17
980,,aku,be opened,verb,あく,,,intensive1.18
981,,akeru,to open,verb,あける,,,intensive1.18
982,,shimaru,be closed,verb,しまる,,,intensive1.18
983,,shimeru,to close,verb,しめる,,,intensive1.18
984,,kieru,turn off,verb,きえる,,,intensive1.18
985,,kesu,to turn off,verb,けす,,,intensive1.18
986,,atsumeru,to gather,verb,あつめる,,,intensive1.18
987,,atsumaru,gathered,verb,あつまる,,,intensive1.18
988,,naraberu,to align,verb,なれべる,,,intensive1.18
989,,narabu,be aligned,verb,ばらぶ,,,intensive1.18
990,,tomaru,stop,verb,ちまる,,,intensive1.18
991,,tomeru,to stop,verb,とめる,,,intensive1.18
992,,deru,to leave,verb,でる,,,intensive1.18
993,,kowasu,to break,verb,こわす,,,intensive1.18
994,,kowareru,to be broken,verb,こわれる,,,intensive1.18
995,,nareru,get to used,verb,なれる,,,intensive1.18
996,,nemurenakatta,cant sleep,verb,ねむれなかった,,,intensive1.18
997,,tooru,to pass,verb,とおる,,,intensive1.19
998,,iu,to say,verb,いう,,言,intensive1.19
999,,furu,"to fall (rain, snow)",verb,ふる,,,intensive1.19
1000,,omou,to think,verb,おもう,,,intensive1.19
1001,,goukaku suru,to pass (exam),verb,ごうかくする,,,intensive1.19
1002,,itanaku,to receive,verb,いたなく,,,intensive1.20
1003,,ogeru,to give,verb,おげる,,,intensive1.20
1004,,fuku,to blow,verb,ふく,,,intensive1.20
1005,,naku,"to cry, chirp",verb,なく,,,intensive1.20
1006,,kumoru,to become cloudy,verb,くもる,,,intensive1.20
1007,,hareru,"to be sunny, be clear",verb,はれる,,,intensive1.20
1008,,tobu,to fly,verb,とぶ,,,intensive1.20
1009,,kopi- (suru),copy,verb,,コピー（する）,,intensive1.20
1010,,suteru,to throw,verb,すてる,,,intensive1.20
1011,,nakunaru,to lose life,verb,なくなる,,,intensive1.20
1012,,ukeru,to take a rest,verb,うける,,,intensive1.20
1013,,saku,to bloom,verb,さく,,,intensive1.20
1014,,kendou,health,word,けんどう,,,hiragana book
1015,,rei,example,word,れい,,,hiragana book
1016,,oozei,many,,おおぜい,,,1.12
1017,,okyakusan,customer,,おきゃくさん,,,1.12
1018,,okinebou,overslept,,あさねぼう,,,1.12
1019,,shinbaisuru,to worry,verb,しんぱいする,,,1.12
1020,,abiru,,,,,,page 64
1021,,gomi,garbage,,ごみ,,,page 84. ch16
1022,,dasu,to put out,verb,だす,,,page 84. ch16
1023,,jikka,one's family home,,じっか,,,japanesepod101
1024,,katta,bought,,かった,,,japanesepod101
1025,,osu,to push,verb,おす,,,japanesepod101
1026,,kishi,knight,,きし,,,japanesepod101
1027,,sugu,immediately,,すぐ,,,japanesepod101
1028,,suki,like,,すき,,,japanesepod101
1029,,kesu,to erase,,けす,,,japanesepod101
1030,,kuji,lottery,,くじ,,,japanesepod101
1031,,ishiki,consciousness,,いしき,,,japanesepod101
1032,,shigusa,"gesture, mannerism",,しぐさ,,,japanesepod101
1033,,sasou,to invite,verb,さそう,,,japanesepod101
1034,,ososu,"to wake someone up, to cause to happen",, おそす,,,japanesepod101
1035,,sukoshi,a little,,すこし,,,japanesepod101
1036,,shikaku,square,,しかく,,,japanesepod101
1037,,kaesu,to return,verb,かえす,,,japanesepod101
1038,,usagi,rabbit,,うさぎ,,,japanesepod101
1039,,saisei,playback,,さいせい,,,japanesepod101
1040,,okashii,strange,adjective,おかしい,,,japanesepod101
1041,,okashi,sweets,,おかし,,,japanesepod101
1042,,deshi,apprentice,noun,でし,,,japanesepod101
1043,,tsudzuku,to continue,verb,つつ”く,,,japanesepod101
1044,,docchi,which,adverb,どっち,,,japanesepod101
1045,,ochitsuku,to calm down,verb,おちつく,,,japanesepod101
1046,,niji,rainbow,,にじ,,,japanesepod101
1047,,senaka,upper back,,せなか,,,japanesepod101
1048,,nattou,fermented soybean,,なっとう,,,japanesepod101
1049,,onegai,please,,おねがい,,,japanesepod101
1050,,mukasi,in the past,,,,昔,
1051,,yakata,mansion,,,,館,
1052,,hyaku,hundred,,ひゃく,,百,
1053,,tane,seed,,たね,,種,
1054,,kazu,number,,かず,,数,
1055,,tate,vertical,,たて,,,
1056,,hiza,knee,,ひざ,,,
1057,,fushigi,strange,,ふしぎ,,,
1058,,fukuzatsu,complicated,,ふくざつ,,,
1059,,keppeki,perfectionist,,けっぺき,,,
1060,,ame,candy,food,あめ,,,
1061,,kimono,traditional wear,,きもの,,,
1062,,tameiki,sign,,ためいき,,,
1063,,hare,"sunny, clear weather",,はれ,,,
1064,,raku,"convenient, comfortable",,らく,,,
1065,,nuigurumi,stuffed toy,,ぬいぐるみ,,,